{
  "model_name": "care_pattern_analyzer",
  "metrics": {
    "mse": 0.004798866501357775,
    "mae": 0.04388522102807409,
    "training_samples": 644,
    "input_features": 12,
    "output_dimensions": 5,
    "per_output": {
      "burnout_risk": {
        "mse": 0.0025637131107290154,
        "mae": 0.03959312309875874
      },
      "care_imbalance": {
        "mse": 0.012689423902447807,
        "mae": 0.051450018578333846
      },
      "compassion_fatigue": {
        "mse": 0.002864485824352454,
        "mae": 0.04228954305806703
      },
      "sustainability": {
        "mse": 0.002568115644481777,
        "mae": 0.040271430973287385
      },
      "intervention_needed": {
        "mse": 0.0033085940247778215,
        "mae": 0.04582198943192344
      }
    }
  },
  "is_trained": true,
  "saved_at": "2026-06-08T22:09:35.515020"
}