{
  "model_name": "care_validation_nn",
  "metrics": {
    "mse": 0.0027945219660745523,
    "mae": 0.02375120299672588,
    "training_samples": 68,
    "input_features": 168,
    "output_dimensions": 6
  },
  "is_trained": true,
  "saved_at": "2026-06-07T22:09:32.993083"
}