{
  "model_name": "care_validation_nn",
  "metrics": {
    "mse": 0.05062735959706387,
    "mae": 0.1880624732302301,
    "training_samples": 19,
    "input_features": 59,
    "output_dimensions": 6
  },
  "is_trained": true,
  "saved_at": "2026-05-07T03:17:28.050462"
}