{
  "model_name": "care_pattern_analyzer",
  "metrics": {
    "mse": 0.0023714787468849564,
    "mae": 0.03717489627299317,
    "training_samples": 600,
    "input_features": 12,
    "output_dimensions": 5,
    "per_output": {
      "burnout_risk": {
        "mse": 0.002355933585234091,
        "mae": 0.03787959622104335
      },
      "care_imbalance": {
        "mse": 0.0013646221402741658,
        "mae": 0.024108633402073955
      },
      "compassion_fatigue": {
        "mse": 0.0025322975981093955,
        "mae": 0.040253613973708344
      },
      "sustainability": {
        "mse": 0.0024505110024519872,
        "mae": 0.038852235120515506
      },
      "intervention_needed": {
        "mse": 0.0031540294083551436,
        "mae": 0.04478040264762471
      }
    }
  },
  "is_trained": true,
  "saved_at": "2026-05-07T03:17:30.495476"
}