{
  "model_name": "partnership_detection_ml",
  "metrics": {
    "mse": 0.006478885873192362,
    "mae": 0.03507169665463616,
    "training_samples": 68,
    "input_features": 176,
    "output_dimensions": 8
  },
  "is_trained": true,
  "saved_at": "2026-06-07T22:02:20.092040"
}