{
  "model_name": "partnership_detection_ml",
  "metrics": {
    "mse": 0.014479739711501693,
    "mae": 0.06622311999663717,
    "training_samples": 61,
    "input_features": 183,
    "output_dimensions": 8
  },
  "is_trained": true,
  "saved_at": "2026-06-10T22:09:03.470447"
}