{
  "model_name": "relationship_evolution_nn",
  "metrics": {
    "mse": 0.010744450754384394,
    "mae": 0.07403746297350142,
    "training_samples": 549,
    "input_features": 10,
    "output_dimensions": 3,
    "per_output": {
      "future_trust": {
        "mse": 0.003995904668545172,
        "mae": 0.050529292938171586
      },
      "trajectory": {
        "mse": 0.024937929811345072,
        "mae": 0.12596958111183904
      },
      "engagement": {
        "mse": 0.0032995177832629407,
        "mae": 0.045613514870493664
      }
    }
  },
  "is_trained": true,
  "saved_at": "2026-05-31T22:09:00.766860"
}