{
  "model_name": "relationship_evolution_nn",
  "metrics": {
    "mse": 0.009674633596773709,
    "mae": 0.07105397120449473,
    "training_samples": 500,
    "input_features": 10,
    "output_dimensions": 3,
    "per_output": {
      "future_trust": {
        "mse": 0.003977735756791097,
        "mae": 0.05008015940878295
      },
      "trajectory": {
        "mse": 0.0218485783686366,
        "mae": 0.11754320682888698
      },
      "engagement": {
        "mse": 0.003197586664893434,
        "mae": 0.04553854737581427
      }
    }
  },
  "is_trained": true,
  "saved_at": "2026-05-07T03:17:29.254721"
}